{"_step":0,"_wandb":{"runtime":2},"d_loss":0.7035859227180481,"g_loss":0.6983761191368103,"epoch":0,"batch":0,"_timestamp":1.7381614423122075e+09,"_runtime":2.20520161}