{"epoch":0,"batch":0,"_timestamp":1.736950021936858e+09,"_runtime":1.753670363,"_wandb":{"runtime":1},"_step":0,"d_loss":0.6909655928611755,"g_loss":0.666734516620636}