{"_runtime":66.191008167,"_wandb":{"runtime":67},"g_loss":73.87590026855469,"epoch":180,"d_loss":9.693790343590081e-05,"_step":7218,"designs":{"height":1200,"_type":"image-file","sha256":"c6553a2038a5a8f556f770f58fc06057b7aba07d167536f631319212f1bdd752","size":1441846,"path":"media/images/designs_6818_c6553a2038a5a8f556f7.png","format":"png","width":1200},"batch":7200,"_timestamp":1.7381570380264046e+09}