{"_timestamp":1.7381566836131413e+09,"_runtime":1.822216219,"_step":0,"_wandb":{"runtime":13},"loss":1.103867769241333,"epoch":0,"batch":0}