{"epoch":199,"_timestamp":1.7404786924236352e+09,"_step":2405,"g_loss":0.7364059090614319,"_wandb":{"runtime":66},"d_loss":0.6877292394638062,"_runtime":66.197012659,"batch":2399,"designs":{"path":"media/images/designs_2006_1eeffab8c0717a744ff5.png","format":"png","width":1200,"height":1200,"_type":"image-file","sha256":"1eeffab8c0717a744ff575838aa62ad2bd1ccada88508754f369221b5f00626c","size":191391}}