{"designs":{"path":"media/images/designs_2006_e66f170b50ac3c042cfb.png","format":"png","width":1200,"height":1200,"_type":"image-file","sha256":"e66f170b50ac3c042cfb8c00ca52ce3cf8fb17a8fff16e5d6c0c9e01f43244f4","size":94456},"_wandb":{"runtime":309},"loss":0.003560395445674658,"epoch":199,"batch":2399,"_timestamp":1.7368757932615914e+09,"_runtime":309.006095355,"_step":2405}