{"_timestamp":1.738157055329051e+09,"_runtime":2.964361323,"_step":0,"_wandb":{"runtime":8},"loss":1.103867769241333,"epoch":0,"batch":0}