{"g_loss":0.7131303548812866,"epoch":0,"_wandb":{"runtime":3},"batch":0,"_timestamp":1.7404837805916514e+09,"_runtime":2.793293749,"_step":0,"d_loss":0.6756575703620911}