{"d_loss":0.6877292394638062,"batch":2399,"g_loss":0.7364059090614319,"_wandb":{"runtime":61},"designs":{"width":1200,"height":1200,"_type":"image-file","sha256":"1eeffab8c0717a744ff575838aa62ad2bd1ccada88508754f369221b5f00626c","size":191391,"path":"media/images/designs_2006_1eeffab8c0717a744ff5.png","format":"png"},"epoch":199,"_timestamp":1.7381568048510096e+09,"_runtime":61.839985699,"_step":2405}