{"epoch":999,"_step":8019,"batch":7999,"designs":{"sha256":"722f69ce04d1f00fd03462dacfbd00c80ab9ac213f22ab56148c584256ee5840","size":1756536,"path":"media/images/designs_7620_722f69ce04d1f00fd034.png","format":"png","width":1200,"height":1200,"_type":"image-file"},"_wandb":{"runtime":66},"_timestamp":1.7369505816509993e+09,"_runtime":66.713411272,"g_loss":0,"d_loss":50.00003433227539}