{"g_loss":12.832423210144043,"batch":6424,"_runtime":813.26065335,"_step":6441,"epoch":160,"_wandb":{"runtime":813},"_timestamp":1.738162318844043e+09,"d_loss":0.0001746418565744534,"designs":{"sha256":"3f3832ac5b7660a781358a84be1c19cd3952ab20594715238a0f6b0e2a24d3d4","size":268659,"path":"media/images/designs_6417_3f3832ac5b7660a78135.png","format":"png","width":1200,"height":1200,"_type":"image-file"}}