{"_runtime":8.043932623,"_step":601,"batch":599,"_wandb":{"runtime":8},"g_loss":0.9946373105049133,"_timestamp":1.7404838588922e+09,"epoch":299,"d_loss":0.44099515676498413,"designs":{"height":1200,"_type":"image-file","sha256":"9e85974577e6d9603d64c9d713b06c97e5cc006552c0e343909f3205b71fb065","size":1160182,"path":"media/images/designs_402_9e85974577e6d9603d64.png","format":"png","width":1200}}