{"_timestamp":1.7368749614305294e+09,"batch":2399,"designs":{"path":"media/images/designs_2006_47e3d3957cf20f02906d.png","format":"png","width":1200,"height":1200,"_type":"image-file","sha256":"47e3d3957cf20f02906dc7d7fb091b429db6061f1e89dd799b9759b502b7e269","size":191038},"_wandb":{"runtime":18},"epoch":199,"d_loss":0.679203450679779,"_step":2405,"g_loss":0.5942349433898926,"_runtime":18.229627216}