{"g_loss":0.5942349433898926,"_runtime":17.449864512,"_timestamp":1.7368753087063565e+09,"epoch":199,"d_loss":0.679203450679779,"batch":2399,"_step":2405,"designs":{"width":1200,"height":1200,"_type":"image-file","sha256":"47e3d3957cf20f02906dc7d7fb091b429db6061f1e89dd799b9759b502b7e269","size":191038,"path":"media/images/designs_2006_47e3d3957cf20f02906d.png","format":"png"},"_wandb":{"runtime":17}}