{"designs":{"size":2153831,"path":"media/images/designs_1605_85dae3f8ee46ab76c2ce.png","format":"png","width":1200,"height":1200,"_type":"image-file","sha256":"85dae3f8ee46ab76c2cee24d0d62d2102147f4517f2494c7ee43febfd8609030"},"g_loss":2.5906662940979004,"epoch":199,"_runtime":23.185806505,"_wandb":{"runtime":23},"_step":2004,"d_loss":0.11801834404468536,"batch":1999,"_timestamp":1.7369507712072377e+09}