{"d_loss":2.9725479180342518e-05,"batch":8968,"designs":{"width":1200,"height":1200,"_type":"image-file","sha256":"fb3c3655fbd5e5eac9d0265d04fdb18f5c35e6a12184e0c5288f2b9e93514606","size":1452452,"path":"media/images/designs_8823_fb3c3655fbd5e5eac9d0.png","format":"png"},"_runtime":78.028885503,"g_loss":73.02206420898438,"_wandb":{"runtime":78},"epoch":224,"_step":8991,"_timestamp":1.736950889535273e+09}