{"batch":2399,"_wandb":{"runtime":63},"_step":2405,"designs":{"format":"png","width":1200,"height":1200,"_type":"image-file","sha256":"1eeffab8c0717a744ff575838aa62ad2bd1ccada88508754f369221b5f00626c","size":191391,"path":"media/images/designs_2006_1eeffab8c0717a744ff5.png"},"_timestamp":1.7368754140363576e+09,"_runtime":63.522594869,"g_loss":0.7364059090614319,"epoch":199,"d_loss":0.6877292394638062}