{"_wandb":{"runtime":16},"d_loss":0.22714972496032715,"_step":1604,"designs":{"format":"png","width":1200,"height":1200,"_type":"image-file","sha256":"4bc443f51345eab49c657cc55040e5abf527a7ef6bdc64d855e39beb93c620aa","size":2125079,"path":"media/images/designs_1204_4bc443f51345eab49c65.png"},"_timestamp":1.7381584436356854e+09,"batch":1600,"g_loss":1.7783150672912598,"_runtime":16.028886194,"epoch":40}