{"_runtime":14.972193138,"_timestamp":1.736950427478841e+09,"_wandb":{"runtime":14},"g_loss":1.8462889194488525,"d_loss":0.1813735067844391,"batch":1599,"_step":1603,"epoch":199,"designs":{"format":"png","width":1200,"height":1200,"_type":"image-file","sha256":"c7bef5a67c8001fd1d1dd989946b18e580e523e81c5e57545bc0a4368e12b0ae","size":1946620,"path":"media/images/designs_1204_c7bef5a67c8001fd1d1d.png"}}