{"batch":0,"_timestamp":1.73695015861259e+09,"_runtime":1.725697805,"_step":0,"d_loss":0.6909655928611755,"_wandb":{"runtime":1},"g_loss":0.666734516620636,"epoch":0}